{   "type":"object",
    "properties":{
        "id":{"description":"The Unique identifier for a deposit","type":"string"},
        "date":{"description":"Integer timesamp","type":"integer"},
        "type":{"description":"Transaction type flag","type":"string"},
        "amount":{"description":"Figure value of the deposit","type":"number"},
        "ref":{"description":"Refference number","type":"string"},
        "payee":{"description":"Person or Corporation name","type":"string"}
    },
    "required":["date","amount","payee"]
}
