{
    "$schema": "https://json-schema.org/draft/2020-12/schema",
    "$id": "",
    "title": "Project",
    "description": "A Construction Project Built in accrdance with the Jamaican Institute of Builders",
    "type": "object",
    "properties": {
      "_id": {
        "description": "The Unique identifier for a project",
        "type": "string"
      },
      "name": {
        "description": "The Given Name of the Project",
        "type": "string"
      },
      "category": {
        "description": "The Project Construction Classification",
        "type": "string"
      },
      "standard": {
        "description": "The Project system of measurement",
        "type": "string"
      },
      "address": {
        "description": "Where the project is being built",
        "type": "object"
      },
      "owner": {
        "description": "The Client , a person or corporation  that the project belongs to",
        "type": "object"
      },
      "account": {
        "description": "The Project Financial records",
        "type": "object"
      },
      "tasks":{
        "description": "Lists of job tasks of the Project",
        "type":"array"
      },
      "workers":{
        "description": "Lists of employees on the Project",
        "type":"array"
      },
      "inventory":{
        "description": "Lists of Materials for use on the project",
        "type":"array"
      },
      "activity_log":{
        "description": "Lists of important events and activities on the project ",
        "type":"array"
      },
      "state":{
        "description": "The motive condition of the project",
        "type":"object"
      },
      "event":{
        "description": "Timestamp records of project related events",
        "type":"object"
      }
    },
    "required": [
      "_id"
    ]
  }